{"entities":{"pages":{"Table-of-Content":{"id":"Table-of-Content","title":"Webauftritt StreamSphere","url":"table-of-content.html","level":0,"tabIndex":0},"general":{"id":"general","title":"General","url":"general.html","level":0,"pages":["informieren","planen","entscheiden","realisieren","kontrollieren-auswerten"],"tabIndex":1},"informieren":{"id":"informieren","title":"Informieren","url":"informieren.html","level":1,"parentId":"general","tabIndex":0},"planen":{"id":"planen","title":"Planen","url":"planen.html","level":1,"parentId":"general","tabIndex":1},"entscheiden":{"id":"entscheiden","title":"Entscheiden","url":"entscheiden.html","level":1,"parentId":"general","tabIndex":2},"realisieren":{"id":"realisieren","title":"Realisieren","url":"realisieren.html","level":1,"parentId":"general","tabIndex":3},"kontrollieren-auswerten":{"id":"kontrollieren-auswerten","title":"Kontrollieren und Auswerten","url":"kontrollieren-auswerten.html","level":1,"parentId":"general","tabIndex":4},"Anhang":{"id":"Anhang","title":"Anhang","url":"anhang.html","level":0,"tabIndex":2}}},"topLevelIds":["Table-of-Content","general","Anhang"]}